company,site,category,contact_name,email,all_emails
Kaiten,https://kaiten.ru/,Project mgmt,,sales@kaiten.ru,sales@kaiten.ru; marketing@kaiten.ru; support@kaiten.ru; accounting@kaiten.ru; hr@kaiten.ru
Мегаплан,https://megaplan.ru/,CRM,,info@megaplan.kz,info@megaplan.kz; info@megaplan.ru; info@megaplan.by; writer@megaplan.ru
amoCRM,https://www.amocrm.ru/,CRM,,support@amocrm.ru,support@amocrm.ru
RetailCRM,https://www.retailcrm.ru/,CRM,,pr@retailcrm.ru,pr@retailcrm.ru; support@retailcrm.ru
Unisender,https://www.unisender.com/ru/,Email marketing,,pr@unisender.com,pr@unisender.com; support@unisender.com; affiliate@unisender.com
Sendsay,https://sendsay.ru/,Email marketing,,info@intervale.kz,info@intervale.kz; sale@sendsay.ru; moscow@sendsay.ru
Yougile,https://yougile.com/,Project mgmt,,support@yougile.com,support@yougile.com; feature_1@2.mp; feature_4@1.webm; feature_2@1.webm; about_1@2.mp; feature_1@1.webm; feature_3@1.webm; feature_3@2.mp; inf@yougile.com; buh@yougile.com; op@yougile.com; feature_2@2.mp; feature_4@2.mp; about_1@2.webm
Mindbox,https://mindbox.ru/,CDP / marketing,,info@mindbox.ru,info@mindbox.ru
SendPulse,https://sendpulse.com/ru,Email marketing,,sales@sendpulse.com,sales@sendpulse.com; support@sendpulse.com
DashaMail,https://dashamail.ru/,Email marketing,,info@dashamail.ru,info@dashamail.ru; info@dashamail.by; support@dashamail.by; support@dashamail.ru
Envybox,https://envybox.io/,Lead capture,,support@envybox.io,support@envybox.io; ivan@mail.ru
Planfix,https://planfix.com/ru/,Project mgmt,,,
Weeek,https://weeek.net/,Project mgmt,,info@weeek.net,info@weeek.net
Pyrus,https://pyrus.com/ru,Workflow,,support@pyrus.com,support@pyrus.com
Roistat,https://roistat.com/,Marketing analytics,,manager@roistat.com,manager@roistat.com; buh@roistat.com
Aitarget,https://aitarget.com/,Ads automation,,support@evido.me,support@evido.me; support@aitarget.com
Bitrix24,https://www.bitrix24.ru/,CRM,,,
Mango Office,https://www.mango-office.ru/,Telephony / CC,,sales@mangotele.com,sales@mangotele.com; pr@mangotele.com; job@mangotele.com; mango@mangotele.com; vasha@pochta.tut; document@mangotele.com
Worksection,https://worksection.com/ru/,Project mgmt,,,
Click.ru,https://click.ru/,Ads automation,,support@click.ru,support@click.ru
OWOX BI,https://www.owox.com/ru/,BI / analytics,,mail@owox.com,mail@owox.com
Rookee,https://www.rookee.ru/,SEO platform,,support@rookee.ru,support@rookee.ru
Calltouch,https://www.calltouch.ru/,Call tracking,,sales@calltouch.net,sales@calltouch.net
Potok,https://potok.io/,ATS / HR,,info@potok.io,info@potok.io; info@talenttech.ru; support@potok.io; help@potok.io; blog@potok.io; example@usermail.com
Skillaz,https://skillaz.ru/,Recruiting automation,,hello@skillaz.ru,hello@skillaz.ru; example@usermail.com
Carrot quest,https://www.carrotquest.io/,Chat / marketing,,support@carrotquest.io,support@carrotquest.io
Comagic,https://www.comagic.ru/,Call tracking,,partners@uiscom.ru,partners@uiscom.ru; info@uiscom.ru; press@uiscom.ru; hr@uiscom.ru; marketplace@uiscom.ru; op@uiscom.ru; davayte_druzhit@uiscom.ru
E-Staff,https://e-staff.ru/,ATS,,hello@datex.ru,hello@datex.ru; support@e-staff.ru; v.topchii@datex.ru
Promopult,https://promopult.ru/,SEO/Ads platform,,,
Jivo,https://www.jivo.ru/,Live chat,,info@jivosite.com,info@jivosite.com; compliance@jivo.ru
Эквио,https://www.equio.ru/,Corp learning,,,
Verbox,https://verbox.ru/,Live chat,,office@verbox.ru,office@verbox.ru
Teachbase,https://teachbase.ru/,LMS,,info@teachbase.ru,info@teachbase.ru; marketing@teachbase.ru; help@teachbase.ru; accounting@teachbase.ru
Postoplan,https://postoplan.app/,SMM automation,,,
LiveTex,https://livetex.ru/,Live chat,,partners@livetex.ru,partners@livetex.ru; hello@livetex.ru; marketing@livetex.ru; pr@livetex.ru; support@livetex.ru
Huntflow,https://huntflow.ru/,ATS / HR,,,
InSales,https://www.insales.ru/,eCommerce platform,,partners@insales.ru,partners@insales.ru; sales@insales.ru; info@insales.ru; pr@insales.ru; docs@insales.ru; events@insales.ru; depmarketing@insales.ru
Topvisor,https://topvisor.com/ru/,SEO analytics,,support@topvisor.com,support@topvisor.com
WebIM,https://webim.ru/,Omni chat,,sales@webim.ru,sales@webim.ru; contact@webim.ru
Talk-Me,https://talk-me.ru/,Live chat,,office@talk-me.ru,office@talk-me.ru
Flexbe,https://flexbe.com/,Site builder,,info@flexbe.com,info@flexbe.com
iSpring,https://www.ispring.ru/,LMS / corp learning,,,
Beget,https://beget.com/ru,Hosting,,sales@beget.com,sales@beget.com; support@beget.com; bills@beget.com; manager@beget.com; abuse@beget.com; feedback@beget.com
AdvantShop,https://www.advantshop.net/,eCommerce platform,,partners@advantshop.net,partners@advantshop.net; support@advantshop.net
Selectel,https://selectel.ru/,Cloud / hosting,,sales@selectel.ru,sales@selectel.ru; pr@selectel.ru; support@selectel.ru; ir@selectel.ru
LPgenerator,https://lpgenerator.ru/,Landing builder,,,
Tilda,https://tilda.cc/ru/,Site builder,,team@tilda.cc,team@tilda.cc
Servercore,https://servercore.com/ru/,Cloud infra,,hello@servercore.com,hello@servercore.com; pr@servercore.com; support@servercore.com
BI.ZONE,https://bi.zone/,Cybersecurity,,info@bi.zone,info@bi.zone; cert@bi.zone
Cleversite,https://cleversite.ru/,Live chat,,support@cleversite.ru,support@cleversite.ru
МойСклад,https://www.moysklad.ru/,Inventory / ERP,,partners@moysklad.ru,partners@moysklad.ru; support@moysklad.ru; mkt@moysklad.ru
СБИС,https://sbis.ru/,EDM / accounting,,partners@tensor.ru,partners@tensor.ru; sales@9-33.ru; sales@garant-nw.ru; info@sbis.site; info@orange-sbis.ru; info@tensor-sbis.ru; info@sbis-sbis.ru; info@biz-l.ru; info@runfin.ru; info@rlsoft.ru; info@sbis.su; info@reg-uk.ru; info@saby-sbis.ru; info@ubf-corp.com; info@sbisplus24.ru; info@ontax.ru; info@95sbis.ru; info@futuraudit.ru; help@s-s.help; info1@msk.tensor.ru; pravservice@pravservice.ru; invariantno@mail.ru; andrey@fbc.ru; gris86@ya.ru; s.aleksandrov@sbisplus24.ru; sale@sbisinfo.ru; ldocs07@mail.ru; tensor@tensor.ru; finansovaya_feya2025@mail.ru; sva@runfin.ru; sitisoft@sbismsk.ru; msk-co@abt.ru; findebet@bk.ru; vk@sbisplus24.ru; sbis.msk@mail.ru; msk@udcs.ru; killness@mail.ru; s.ivanov@ereports.ru; tp@sbiso.ru; variant.sbis@bk.ru; yakunin@inspro.ru; 1c@belk-it.ru; soft@softum.ru; sbis@zelotchet.ru; business_07@mail.ru; cbrf77@bk.ru; d.grigorev@sbisplus24.ru; eo-msk@abt.ru; stasfox@mail.ru; moscow@parc.com.ru; ris86@ya.ru; finfairy7@yandex.ru; vip.qwerty114@mail.ru; sbis@elcode.ru; aag77@list.ru; sbis@gprava.ru; msk@s-s.pw; 1022d@mail.ru; ir.aredova2017@yandex.ru; mk@alta.ir; 1c@eprof.ru; sbis@sbiseo.ru; hr@tensor.ru
Reg.ru,https://www.reg.ru/,Domains / hosting,,,
Positive Technologies,https://www.ptsecurity.com/ru-ru/,Cybersecurity,,,
UIS,https://www.uiscom.ru/,Telephony / CC,,info@uiscom.ru,info@uiscom.ru; press@uiscom.ru
OnlinePBX,https://www.onlinepbx.ru/,Cloud PBX,,partner@onlinepbx.ru,partner@onlinepbx.ru; support@onlinepbx.ru; go@onlinebx.ru; go@onlinepbx.ru; fin@onlinepbx.ru
Timeweb,https://timeweb.com/,Cloud / hosting,,,
Anketolog,https://anketolog.ru/,Surveys,,rating@mail.ru,rating@mail.ru
Solar,https://rt-solar.ru/,Cybersecurity,,pr@rt-solar.ru,pr@rt-solar.ru; solar@rt-solar.ru; test@test.ru
DocsInBox,https://docsinbox.ru/,EDM HoReCa,,sales@docsinbox.ru,sales@docsinbox.ru; info@docsinbox.ru; pr@docsinbox.ru
DocsVision,https://docsvision.com/,Document mgmt,,,
Zadarma,https://zadarma.com/ru/,Cloud PBX,,manage@zadarma.com,manage@zadarma.com
Aspro,https://aspro.ru/,Business platform,,info@aspro.ru,info@aspro.ru
Wrike,https://www.wrike.com/ru/,Project mgmt,,name@company.com,name@company.com
Контур,https://kontur.ru/,Accounting / EDM,,,
Testograf,https://www.testograf.ru/,Surveys,,info@testograf.ru,info@testograf.ru
